tag_id,event_type,latitude,longitude,date,location,distance_km_torre_santa_sabina
1029,release,44.1633333333333,14.72,1999-11-08,Tunna farm in Croatia,451.4
1406,release,44.1633333333333,14.72,1999-11-09,Tunna farm in Croatia,451.4
1413,release,44.1633333333333,14.72,1999-11-09,Tunna farm in Croatia,451.4
1418,release,44.167,14.7167,1999-11-09,Tunna farm in Croatia,451.9
1421,release,44.1633333333333,14.72,1999-11-09,Tunna farm in Croatia,451.4
08A0386,release,42.78333333333333,14.6,2009-09-13,S. Benedetto,342.3
08A0386,popoff,42.95,14.716666666666667,2009-09-14,Adriatic,347.7
08A0389,release,42.8,14.616666666666667,2009-09-14,S. Benedetto,342.5
08A0389,popoff,42.61666666666667,15.7,2009-09-19,Adriatic,265.8
08A0390,release,42.916666666666664,14.233333333333333,2010-09-13,S. Benedetto,374.8
08A0390,popoff,41.583333333333336,15.966666666666667,2011-05-18,SW Adriatic,172.2
10P0038,release,42.95777777777778,14.289166666666668,2011-08-06,San Benedette,374.2
10P0040,release,43.01679166666666,14.163752777777779,2011-07-26,San Benedette,386.2
10P0045,release,45.263888888888886,13.137777777777778,2012-09-23,San Benedette,623.9
10P0400,release,43.01679166666666,14.163752777777779,2011-07-26,San Benedette,386.2
10P0400,popoff,44.094722222222224,14.965833333333332,2011-09-30,NE Adriatic Sea,434.3
10P0401,release,43.06666666666666,14.385277777777778,2011-08-06,San Benedette,376.2
10P0406,release,43.01679166666666,14.163752777777779,2011-07-26,San Benedette,386.2
10P0406,popoff,40.92472222222222,18.085833333333333,2011-09-02,Adriatic Sea,37.8
10P0632,release,45.27777777777778,13.129444444444445,2012-09-23,San Benedette,625.5
10P0632,popoff,43.66583333333333,13.671666666666667,2012-11-21,NE Adriatic,463.8
10P0648,release,43.151666666666664,14.360555555555555,2012-05-12,San Benedette,384.1
10P0648,popoff,43.29861111111111,16.086388888888887,2012-11-07,E Adriatic,313.2
07A0674,popoff,40.085,14.486,2009-04-26,,281.9
11P0389,popoff,39.76861111111111,13.37638888888889,2013-06-26,Tyrrhenian Sea,382.7
11P0452,popoff,42.91716666666667,13.790166666666666,2013-03-29,NW Spain,403.7
12P0099,release,43.935,15.226388,2013-07-11,Adriatic Sea,408.3
12P0099,popoff,44.218,14.403,2013-09-25,Adriatic sea,470.9
12P0142,release,43.935,15.226388,2013-07-11,Adriatic Sea,408.3
12P0142,popoff,44.1575,13.042333333333334,2013-11-02,North Adriatic,538.0
12P0145,release,43.935,15.226388,2013-07-11,Adriatic Sea,408.3
12P0145,popoff,42.53972222222222,14.78277777777778,2013-09-01,Adriatic sea,313.6
12P0146,release,43.935,15.226388,2013-07-11,Adriatic Sea,408.3
12P0147,release,43.935,15.226388,2013-07-11,Adriatic Sea,408.3
12P0147,popoff,43.723,15.48,2013-07-23,Adriatic sea,377.7
12P0149,release,43.935,15.226388,2013-07-11,Adriatic Sea,408.3
12P0149,popoff,43.11,15.134166666666665,2013-09-14,Adriatic sea,337.5
12P0150,release,43.935,15.226388,2013-07-11,Adriatic Sea,408.3
12P0150,popoff,43.375,14.17,2013-11-25,Adriatic sea,412.4
14P0371,popoff,39.100833333333334,15.934722222222222,2015-06-27,Tyrrhenian Sea,237.2
14P0482,release,39.96205,15.354916,2015-07-23,Thyrrenian Sea,217.2
14P0482,popoff,40.106944444444444,15.159166666666668,2015-08-11,Tyrrhenian Sea,226.6
14P0556,popoff,39.029444444444444,18.831666666666667,2015-06-19,Ionian Sea,214.3
14P0742,release,39.96205,15.354916,2015-07-23,Thyrrenian Sea,217.2
14P0750,release,39.96205,15.354916,2015-07-23,Thyrrenian Sea,217.2
14P0751,release,39.96205,15.354916,2015-07-23,Thyrrenian Sea,217.2
14P0751,popoff,39.89361111111111,15.595,2015-07-28,Tyrrhenian Sea,202.3
14P0752,release,39.96205,15.354916,2015-07-23,Thyrrenian Sea,217.2
16P0829,popoff,39.53193,19.80838,2016-10-11,Central Mediterranean,224.6
798,release,44.1633333333333,14.72,1999-11-08,Tunna farm in Croatia,451.4
802,release,44.0166666666667,15.1,2001-01-05,Tunna farm in Croatia,421.3
812,release,44.1633333333333,14.72,1999-11-09,Tunna farm in Croatia,451.4
816,release,44.1633333333333,14.72,1999-11-09,Tunna farm in Croatia,451.4
820,release,44.1633333333333,14.72,1999-11-08,Tunna farm in Croatia,451.4
960,release,44.1633333333333,14.72,1999-11-08,Tunna farm in Croatia,451.4
962,release,44.1633333333333,14.72,1999-11-08,Tunna farm in Croatia,451.4
1026,release,44.1633333333333,14.72,1999-11-08,Tunna farm in Croatia,451.4
1037,release,44.1633333333333,14.72,1999-11-08,Tunna farm in Croatia,451.4
1043,release,44.1633333333333,14.72,1999-11-09,Tunna farm in Croatia,451.4
1045,release,44.1633333333333,14.72,1999-11-09,Tunna farm in Croatia,451.4
1048,release,44.1633333333333,14.72,1999-11-09,Tunna farm in Croatia,451.4
1049,release,44.1633333333333,14.72,1999-11-09,Tunna farm in Croatia,451.4
1067,release,44.1633333333333,14.72,1999-11-09,Tunna farm in Croatia,451.4
1106,release,44.1633333333333,14.72,1999-11-09,Tunna farm in Croatia,451.4
1111,release,44.1633333333333,14.72,1999-11-09,Tunna farm in Croatia,451.4
1114,release,44.1633333333333,14.72,1999-11-09,Tunna farm in Croatia,451.4
1128,release,44.1633333333333,14.72,1999-11-09,Tunna farm in Croatia,451.4
1160,release,44.1633333333333,14.72,1999-11-09,Tunna farm in Croatia,451.4
1162,release,44.1633333333333,14.72,1999-11-09,Tunna farm in Croatia,451.4
1163,release,44.1633333333333,14.72,1999-11-09,Tunna farm in Croatia,451.4
1164,release,44.1633333333333,14.72,1999-11-09,Tunna farm in Croatia,451.4
1165,release,44.1633333333333,14.72,1999-11-09,Tunna farm in Croatia,451.4
1167,release,44.1633333333333,14.72,1999-11-09,Tunna farm in Croatia,451.4
1173,release,44.1633333333333,14.72,1999-11-09,Tunna farm in Croatia,451.4
1190,release,44.1633333333333,14.72,1999-11-09,Tunna farm in Croatia,451.4
1227,release,44.1633333333333,14.72,1999-11-09,Tunna farm in Croatia,451.4
1242,release,44.1633333333333,14.72,1999-11-09,Tunna farm in Croatia,451.4
1252,release,44.1633333333333,14.72,1999-11-09,Tunna farm in Croatia,451.4
1254,release,44.1633333333333,14.72,1999-11-09,Tunna farm in Croatia,451.4
1255,release,44.1633333333333,14.72,1999-11-09,Tunna farm in Croatia,451.4
1256,release,44.1633333333333,14.72,1999-11-09,Tunna farm in Croatia,451.4
1259,release,44.1633333333333,14.72,1999-11-09,Tunna farm in Croatia,451.4
1260,release,44.1633333333333,14.72,1999-11-09,Tunna farm in Croatia,451.4
1265,release,44.1633333333333,14.72,1999-11-09,Tunna farm in Croatia,451.4
1267,release,44.1633333333333,14.72,1999-11-09,Tunna farm in Croatia,451.4
1269,release,44.1633333333333,14.72,1999-11-09,Tunna farm in Croatia,451.4
1312,release,44.1633333333333,14.72,1999-11-09,Tunna farm in Croatia,451.4
1313,release,44.1633333333333,14.72,1999-11-09,Tunna farm in Croatia,451.4
1314,release,44.1633333333333,14.72,1999-11-09,Tunna farm in Croatia,451.4
1320,release,44.1633333333333,14.72,1999-11-09,Tunna farm in Croatia,451.4
1334,release,44.1633333333333,14.72,1999-11-09,Tunna farm in Croatia,451.4
1375,release,44.1633333333333,14.72,1999-11-09,Tunna farm in Croatia,451.4
1400,release,44.1633333333333,14.72,1999-11-09,Tunna farm in Croatia,451.4
1402,release,44.1633333333333,14.72,1999-11-09,Tunna farm in Croatia,451.4
1403,release,44.1633333333333,14.72,1999-11-09,Tunna farm in Croatia,451.4
1404,release,44.1633333333333,14.72,1999-11-09,Tunna farm in Croatia,451.4
1407,release,44.1633333333333,14.72,1999-11-09,Tunna farm in Croatia,451.4
1408,release,44.1633333333333,14.72,1999-11-09,Tunna farm in Croatia,451.4
1414,release,44.1633333333333,14.72,1999-11-09,Tunna farm in Croatia,451.4
1415,release,44.1633333333333,14.72,1999-11-09,Tunna farm in Croatia,451.4
1417,release,44.1633333333333,14.72,1999-11-09,Tunna farm in Croatia,451.4
1419,release,44.1633333333333,14.72,1999-11-09,Tunna farm in Croatia,451.4
1494,release,44.1633333333333,14.72,1999-11-09,Tunna farm in Croatia,451.4
1515,release,44.0166666666667,15.1,2001-01-05,Tunna farm in Croatia,421.3
1536,release,44.1633333333333,14.72,1999-11-09,Tunna farm in Croatia,451.4
1538,release,44.1633333333333,14.72,1999-11-09,Tunna farm in Croatia,451.4
1541,release,44.0166666666667,15.1,2001-01-05,Tunna farm in Croatia,421.3
1550,release,44.0166666666667,15.1,2001-01-05,Tunna farm in Croatia,421.3
1552,release,44.0166666666667,15.1,2001-01-05,Tunna farm in Croatia,421.3
1618,release,44.0166666666667,15.1,2001-01-05,Tunna farm in Croatia,421.3
1620,release,44.0166666666667,15.1,2001-01-05,Tunna farm in Croatia,421.3
1622,release,44.0166666666667,15.1,2001-01-05,Tunna farm in Croatia,421.3
1626,release,44.0166666666667,15.1,2001-01-05,Tunna farm in Croatia,421.3
1633,release,44.0166666666667,15.1,2001-01-05,Tunna farm in Croatia,421.3
1026-2,release,44.0166666666667,15.1,2001-01-05,Tunna farm in Croatia,421.3
1067-2,release,44.0166666666667,15.1,2001-01-05,Tunna farm in Croatia,421.3
1114-2,release,44.0166666666667,15.1,2001-01-05,Tunna farm in Croatia,421.3
1162-2,release,44.0166666666667,15.1,2001-01-05,Tunna farm in Croatia,421.3
1165-2,release,44.0166666666667,15.1,2001-01-05,Tunna farm in Croatia,421.3
1252-2,release,44.0166666666667,15.1,2001-01-05,Tunna farm in Croatia,421.3
08A0385,release,42.8,14.583333333333334,2009-09-13,S. Benedetto,344.6
08A0385,popoff,43.7,13.7,2009-12-25,NW Adriatic,464.7
08A0394,release,42.81666666666667,14.616666666666667,2009-09-14,S. Benedetto,343.7
D0492,recovery,39.09,15.46,2016-05-20,Tyrrhenian Sea,265.6
08A0392,release,44.81666666666667,12.833333333333334,2010-09-28,Venice,601.6
08A0396,release,44.81666666666667,12.85,2010-09-24,Venice,600.7
08A0396,popoff,42.86666666666667,15.816666666666666,2011-03-20,E Adriatic,282.4
2127-2751,recovery,39.966541,19.86655,2023-12-23,,203.2
MK9-1290527,release,43.935,15.226388,2013-07-16,Adriatic Sea,408.3
MK9-1290530,release,43.935,15.226388,2013-07-16,Adriatic Sea,408.3
MK9-1290531,release,43.935,15.226388,2013-07-16,Adriatic Sea,408.3
MK9-1290532,release,43.935,15.226388,2013-07-16,Adriatic Sea,408.3
MK9-1290533,release,43.935,15.226388,2013-07-16,Adriatic Sea,408.3
MK9-1290535,release,43.935,15.226388,2013-07-16,Adriatic Sea,408.3
MK9-1290536,release,43.935,15.226388,2013-07-16,Adriatic Sea,408.3
MK9-1290538,release,43.935,15.226388,2013-07-16,Adriatic Sea,408.3
MK9-1290539,release,43.935,15.226388,2013-07-16,Adriatic Sea,408.3
MK9-1290541,release,43.935,15.226388,2013-07-16,Adriatic Sea,408.3
MK9-1290542,release,43.935,15.226388,2013-07-16,Adriatic Sea,408.3
MK9-1290543,release,43.935,15.226388,2013-07-16,Adriatic Sea,408.3
